{
  "version": 1,
  "author": "Maspion Rd",
  "editor": "wokwi",
  "parts": [
    { "type": "wokwi-esp32-devkit-v1", "id": "esp", "top": 0, "left": 0, "attrs": {} },
    {
      "type": "wokwi-dht22",
      "id": "dht1",
      "top": -13.57,
      "left": -123.13,
      "attrs": { "temperature": "20", "humidity": "45" }
    },
    {
      "type": "wokwi-led",
      "id": "led1",
      "top": -3.86,
      "left": 142.47,
      "attrs": { "color": "red" }
    }
  ],
  "connections": [
    [ "esp:TX0", "$serialMonitor:RX", "", [] ],
    [ "esp:RX0", "$serialMonitor:TX", "", [] ],
    [ "dht1:GND", "esp:GND.2", "black", [ "v0" ] ],
    [ "dht1:VCC", "esp:VIN", "red", [ "v0" ] ],
    [ "led1:C", "esp:GND.1", "black", [ "v0" ] ],
    [ "led1:A", "esp:D22", "green", [ "v0" ] ],
    [ "dht1:SDA", "esp:D15", "green", [ "v0" ] ]
  ],
  "dependencies": {}
}